{ "ProductID" : "1400501466" , "neg_review_avg" : 0.05293023255813952 , "neu_review_avg" : 0.7784651162790697 , "pos_review_avg" : 0.1685813953488372 , "neg_summary_avg" : 0.05269767441860465 , "neu_summary_avg" : 0.6152558139534884 , "pos_summary_avg" : 0.33204651162790705 , "float_rating" : 4.042162070488057 , "round_rating" : 4 }
{ "ProductID" : "1400501520" , "neg_review_avg" : 0.04165 , "neu_review_avg" : 0.74585 , "pos_review_avg" : 0.16235000000000002 , "neg_summary_avg" : 0.010499999999999999 , "neu_summary_avg" : 0.4722500000000001 , "pos_summary_avg" : 0.51725 , "float_rating" : 4.305288918617098 , "round_rating" : 4 }
{ "ProductID" : "1400501776" , "neg_review_avg" : 0.03704999999999999 , "neu_review_avg" : 0.8237500000000001 , "pos_review_avg" : 0.13915 , "neg_summary_avg" : 0.045599999999999995 , "neu_summary_avg" : 0.61205 , "pos_summary_avg" : 0.3424 , "float_rating" : 4.191532075634781 , "round_rating" : 4 }
{ "ProductID" : "1400532620" , "neg_review_avg" : 0.05182926829268292 , "neu_review_avg" : 0.8322439024390242 , "pos_review_avg" : 0.11578048780487807 , "neg_summary_avg" : 0.06826829268292683 , "neu_summary_avg" : 0.6609512195121952 , "pos_summary_avg" : 0.2707804878048781 , "float_rating" : 3.724548916385843 , "round_rating" : 4 }
{ "ProductID" : "1400532655" , "neg_review_avg" : 0.04761467889908257 , "neu_review_avg" : 0.8008165137614677 , "pos_review_avg" : 0.15157798165137618 , "neg_summary_avg" : 0.055238532110091734 , "neu_summary_avg" : 0.6530458715596332 , "pos_summary_avg" : 0.29171559633027516 , "float_rating" : 3.990639002474718 , "round_rating" : 4 }
{ "ProductID" : "1400532736" , "neg_review_avg" : 0.059923076923076926 , "neu_review_avg" : 0.8243846153846153 , "pos_review_avg" : 0.1156153846153846 , "neg_summary_avg" : 0.0903076923076923 , "neu_summary_avg" : 0.5917692307692308 , "pos_summary_avg" : 0.3179230769230769 , "float_rating" : 3.615917804031767 , "round_rating" : 4 }
{ "ProductID" : "1400599997" , "neg_review_avg" : 0.04719512195121951 , "neu_review_avg" : 0.8258048780487804 , "pos_review_avg" : 0.12704878048780488 , "neg_summary_avg" : 0.07134146341463415 , "neu_summary_avg" : 0.5882195121951219 , "pos_summary_avg" : 0.3404390243902439 , "float_rating" : 3.910219993677311 , "round_rating" : 4 }
{ "ProductID" : "1400698987" , "neg_review_avg" : 0.029535714285714287 , "neu_review_avg" : 0.7630000000000002 , "pos_review_avg" : 0.20739285714285718 , "neg_summary_avg" : 0.04971428571428572 , "neu_summary_avg" : 0.5575 , "pos_summary_avg" : 0.39278571428571424 , "float_rating" : 4.406119549760652 , "round_rating" : 4 }
{ "ProductID" : "1400699169" , "neg_review_avg" : 0.033166666666666664 , "neu_review_avg" : 0.8272500000000002 , "pos_review_avg" : 0.13958333333333336 , "neg_summary_avg" : 0.06058333333333333 , "neu_summary_avg" : 0.54225 , "pos_summary_avg" : 0.39716666666666667 , "float_rating" : 4.209973901954512 , "round_rating" : 4 }
{ "ProductID" : "1615527613" , "neg_review_avg" : 0.045399999999999996 , "neu_review_avg" : 0.7982 , "pos_review_avg" : 0.15639999999999998 , "neg_summary_avg" : 0.046200000000000005 , "neu_summary_avg" : 0.6874 , "pos_summary_avg" : 0.2664 , "float_rating" : 4.04355678487803 , "round_rating" : 4 }
{ "ProductID" : "3744295508" , "neg_review_avg" : 0.0491578947368421 , "neu_review_avg" : 0.7554736842105264 , "pos_review_avg" : 0.1952631578947368 , "neg_summary_avg" : 0.03736842105263158 , "neu_summary_avg" : 0.5651578947368421 , "pos_summary_avg" : 0.3974736842105263 , "float_rating" : 4.265119026331064 , "round_rating" : 4 }
{ "ProductID" : "3930992868" , "neg_review_avg" : 0.07285714285714286 , "neu_review_avg" : 0.7988571428571428 , "pos_review_avg" : 0.12828571428571428 , "neg_summary_avg" : 0.019 , "neu_summary_avg" : 0.6390000000000001 , "pos_summary_avg" : 0.3418571428571428 , "float_rating" : 3.9205446693920907 , "round_rating" : 4 }
{ "ProductID" : "3936710058" , "neg_review_avg" : 0.06283333333333334 , "neu_review_avg" : 0.7410000000000001 , "pos_review_avg" : 0.19599999999999998 , "neg_summary_avg" : 0.0 , "neu_summary_avg" : 0.6483333333333333 , "pos_summary_avg" : 0.35166666666666674 , "float_rating" : 4.2765366083443945 , "round_rating" : 4 }
{ "ProductID" : "6301977173" , "neg_review_avg" : 0.04699999999999999 , "neu_review_avg" : 0.8071666666666667 , "pos_review_avg" : 0.14600000000000002 , "neg_summary_avg" : 0.08733333333333333 , "neu_summary_avg" : 0.7101666666666667 , "pos_summary_avg" : 0.2025 , "float_rating" : 3.659012863994189 , "round_rating" : 4 }
{ "ProductID" : "7214047977" , "neg_review_avg" : 0.06053846153846154 , "neu_review_avg" : 0.7086923076923077 , "pos_review_avg" : 0.23076923076923078 , "neg_summary_avg" : 0.020230769230769233 , "neu_summary_avg" : 0.4116923076923077 , "pos_summary_avg" : 0.5680769230769231 , "float_rating" : 4.396592171390443 , "round_rating" : 4 }
{ "ProductID" : "7507825604" , "neg_review_avg" : 0.0785 , "neu_review_avg" : 0.7995 , "pos_review_avg" : 0.12183333333333334 , "neg_summary_avg" : 0.0 , "neu_summary_avg" : 0.6326666666666666 , "pos_summary_avg" : 0.3673333333333333 , "float_rating" : 3.977217659453824 , "round_rating" : 4 }
{ "ProductID" : "7799813393" , "neg_review_avg" : 0.03766666666666667 , "neu_review_avg" : 0.8471666666666667 , "pos_review_avg" : 0.11516666666666665 , "neg_summary_avg" : 0.11483333333333333 , "neu_summary_avg" : 0.6955 , "pos_summary_avg" : 0.18966666666666668 , "float_rating" : 3.441677970444286 , "round_rating" : 3 }
{ "ProductID" : "8862935293" , "neg_review_avg" : 0.049999999999999996 , "neu_review_avg" : 0.8671666666666665 , "pos_review_avg" : 0.08283333333333333 , "neg_summary_avg" : 0.09983333333333333 , "neu_summary_avg" : 0.7026666666666667 , "pos_summary_avg" : 0.19766666666666666 , "float_rating" : 3.2260174457329707 , "round_rating" : 3 }
{ "ProductID" : "8862936826" , "neg_review_avg" : 0.0516 , "neu_review_avg" : 0.8325999999999999 , "pos_review_avg" : 0.11579999999999999 , "neg_summary_avg" : 0.0 , "neu_summary_avg" : 0.5366 , "pos_summary_avg" : 0.46340000000000003 , "float_rating" : 4.353538510880064 , "round_rating" : 4 }
{ "ProductID" : "998498480X" , "neg_review_avg" : 0.036000000000000004 , "neu_review_avg" : 0.8793333333333333 , "pos_review_avg" : 0.08488888888888889 , "neg_summary_avg" : 0.0 , "neu_summary_avg" : 0.7891111111111111 , "pos_summary_avg" : 0.2108888888888889 , "float_rating" : 4.206376886443258 , "round_rating" : 4 }
